<!DOCTYPE mapper
        PUBLIC "-//mybatis.org//DTD Mapper 3.0//EN"
        "http://mybatis.org/dtd/mybatis-3-mapper.dtd">
<mapper namespace="com.blr.mapper.MenuMapper">


    <resultMap id="MenuResultMap" type="com.blr.entity.Menu">
        <id property="id" column="id"/>
        <result property="pattern" column="pattern"/>
        <collection property="roles" ofType="com.blr.entity.Role">
            <id column="rid" property="id"/>
            <result column="rname" property="name"/>
            <result column="rnameZh" property="nameZh"/>
        </collection>
    </resultMap>

    <select id="getAllMenu" resultMap="MenuResultMap">
        select m.*, r.id as rid, r.name as rname, r.nameZh as rnameZh
        from menu m
        left join menu_role mr on m.`id` = mr.`mid`
        left join role r on r.`id` = mr.`rid`
    </select>
</mapper>